{
  "path": "backend/src/main/java/com/bofa/aml/hra",
  "description": "Data taxonomy describing the primary backend package structure and recommended file placement.",
  "folders": [
    {
      "name": "dto",
      "description": "Data Transfer Objects: request and response payload classes used to transfer data between controller and service layers.",
      "recommendedStructure": [
        "request",
        "response",
        "mapper"
      ],
      "typicalFiles": [
        "request/*.java",
        "response/*.java"
      ],
      "examples": [
        "dto/request/BulkReassignRequest.java",
        "dto/request/DispositionRequest.java",
        "dto/request/EscalateRequest.java",
        "dto/request/ReturnCaseRequest.java",
        "dto/response/ApiResponse.java",
        "dto/response/WorkItem.java",
        "dto/response/WorkbasketResponse.java",
        "dto/response/CaseSummaryResponse.java"
      ]
    },
    {
      "name": "model",
      "description": "Domain and persistence models (JPA entities) representing the core business objects stored in the database.",
      "recommendedStructure": [
        "entity",
        "enum",
        "valueobject"
      ],
      "typicalFiles": [
        "entity/*.java",
        "enum/*.java"
      ],
      "examples": [
        "model/CaseEntity.java"
      ]
    },
    {
      "name": "service",
      "description": "Business logic and orchestration layer. Define service interfaces alongside their implementations (impl).",
      "recommendedStructure": [
        "api",
        "impl"
      ],
      "typicalFiles": [
        "*.java",
        "impl/*.java"
      ],
      "examples": [
        "service/WorkflowService.java",
        "service/DashboardService.java",
        "service/RiskAssessmentService.java"
      ]
    },
    {
      "name": "repository",
      "description": "Data access layer: Spring Data JPA repositories and any custom DAOs used to access persistent storage.",
      "recommendedStructure": [
        "jpa",
        "custom"
      ],
      "typicalFiles": [
        "*.java"
      ],
      "examples": [
        "repository/CaseRepository.java"
      ]
    },
    {
      "name": "exception",
      "description": "Custom exceptions and centralized exception handling (e.g. global exception handlers).",
      "recommendedStructure": [
        "types",
        "handlers"
      ],
      "typicalFiles": [
        "*.java"
      ],
      "examples": [
        "exception/GlobalExceptionHandler.java",
        "exception/ResourceNotFoundException.java",
        "exception/ValidationException.java"
      ]
    },
    {
      "name": "controller",
      "description": "REST controllers that expose HTTP endpoints and map requests to service methods.",
      "recommendedStructure": [
        "api",
        "internal"
      ],
      "typicalFiles": [
        "*.java"
      ],
      "examples": [
        "controller/DashboardController.java",
        "controller/RiskAssessmentController.java",
        "controller/WorkflowController.java"
      ]
    }
  ],
  "notes": {
    "convention": "Place DTOs under the `dto` package and split by `request` / `response`. Keep entities in `model` and repositories in `repository`. Service interfaces go in `service` and their implementations under `service/impl`. Controllers must remain thin and delegate to services.",
    "recommendations": [
      "Keep mapping logic out of controllers and services; use separate mappers when mapping between entities and DTOs.",
      "Group related DTOs and controllers by feature to simplify navigation (feature-first layout is optional).",
      "Include package-info.java files per package to document intent when helpful."
    ]
  }
}
