{
	"version": "1.0",
	"generatedFrom": [
		"backend/src/main/java/com/bofa/aml/hra/model/CaseEntity.java"
	],
	"entity": {
		"name": "Case",
		"class": "CaseEntity",
		"table": "cases",
		"description": "Persisted JPA entity for case records used by workflow APIs.",
		"fields": [
			{
				"name": "id",
				"type": "string",
				"javaType": "String",
				"sqlType": "VARCHAR(36)",
				"nullable": false,
				"unique": true,
				"generated": "UUID.randomUUID() in @PrePersist when null",
				"description": "Primary key (UUID string). Generated if not provided."
			},
			{
				"name": "caseId",
				"type": "string",
				"javaType": "String",
				"sqlType": "VARCHAR",
				"nullable": false,
				"unique": true,
				"generated": "Fallback in @PrePersist: 'HRA-' + id.substring(0,8).toUpperCase() when null/empty",
				"description": "Business-facing identifier (e.g. HRA-2024-0101)."
			},
			{
				"name": "clientId",
				"type": "string",
				"javaType": "String",
				"sqlType": "VARCHAR",
				"nullable": false,
				"description": "Client identifier (possible PII)."
			},
			{
				"name": "clientName",
				"type": "string",
				"javaType": "String",
				"sqlType": "VARCHAR",
				"nullable": true,
				"description": "Client display name (possible PII)."
			},
			{
				"name": "clientType",
				"type": "string",
				"javaType": "String",
				"sqlType": "VARCHAR",
				"nullable": true,
				"description": "Client category (e.g. Individual, Corporate, Investment, Banking)."
			},
			{
				"name": "status",
				"type": "string",
				"javaType": "String",
				"sqlType": "VARCHAR",
				"nullable": true,
				"description": "Case lifecycle state (examples in enumerations)."
			},
			{
				"name": "priority",
				"type": "string",
				"javaType": "String",
				"sqlType": "VARCHAR",
				"nullable": true,
				"description": "Priority level (e.g. low, medium, high, critical)."
			},
			{
				"name": "assignedAnalyst",
				"type": "string",
				"javaType": "String",
				"sqlType": "VARCHAR",
				"nullable": true,
				"description": "User id or name of the assigned analyst."
			},
			{
				"name": "lob",
				"type": "string",
				"javaType": "String",
				"sqlType": "VARCHAR",
				"nullable": true,
				"description": "Line of business."
			},
			{
				"name": "riskRating",
				"type": "string",
				"javaType": "String",
				"sqlType": "VARCHAR",
				"nullable": true,
				"description": "Risk rating (Low, Medium, High)."
			},
			{
				"name": "manualReviewReasons",
				"type": "text",
				"javaType": "String",
				"sqlType": "TEXT",
				"nullable": true,
				"description": "Free-text or structured reasons for manual review. Stored as TEXT; may contain JSON array or CSV."
			},
			{
				"name": "jurisdiction",
				"type": "string",
				"javaType": "String",
				"sqlType": "VARCHAR",
				"nullable": true,
				"description": "Regulatory jurisdiction or region."
			},
			{
				"name": "escalationReason",
				"type": "text",
				"javaType": "String",
				"sqlType": "TEXT",
				"nullable": true,
				"description": "Free-text escalation reason."
			},
			{
				"name": "returnReason",
				"type": "text",
				"javaType": "String",
				"sqlType": "TEXT",
				"nullable": true,
				"description": "Free-text return reason."
			},
			{
				"name": "createdAt",
				"type": "datetime",
				"javaType": "LocalDateTime",
				"sqlType": "TIMESTAMP",
				"nullable": false,
				"generated": "LocalDateTime.now() in @PrePersist when null",
				"description": "Entity creation timestamp."
			},
			{
				"name": "dueDate",
				"type": "date",
				"javaType": "LocalDate",
				"sqlType": "DATE",
				"nullable": true,
				"description": "Business due date for the case."
			},
			{
				"name": "completedDate",
				"type": "datetime",
				"javaType": "LocalDateTime",
				"sqlType": "TIMESTAMP",
				"nullable": true,
				"description": "When the case was completed."
			}
		],
		"enumerations": {
			"status": [
				"new",
				"unassigned",
				"assigned",
				"in-progress",
				"escalated",
				"returned",
				"completed"
			],
			"priority": [
				"low",
				"medium",
				"high",
				"critical"
			],
			"clientType": [
				"Individual",
				"Corporate",
				"Investment",
				"Banking"
			],
			"riskRating": [
				"Low",
				"Medium",
				"High"
			]
		},
		"indices": [
			{
				"name": "ux_cases_case_id",
				"fields": [
					"case_id"
				],
				"unique": true
			},
			{
				"name": "idx_cases_client_id",
				"fields": [
					"client_id"
				],
				"unique": false
			},
			{
				"name": "idx_cases_assigned_analyst",
				"fields": [
					"assigned_analyst"
				],
				"unique": false
			},
			{
				"name": "idx_cases_lob_status_created_at",
				"fields": [
					"lob",
					"status",
					"created_at"
				],
				"unique": false
			}
		],
		"notes": [
			"manualReviewReasons stored as TEXT to allow JSON array or CSV; consider migrating to JSONB or a normalized table for queryability and indexing.",
			"caseId is generated in entity lifecycle if not supplied; ensure uniqueness constraints are enforced at DB level.",
			"createdAt and id are set in @PrePersist when missing to simplify test data creation."
		],
		"dataGovernance": {
			"sensitivity": "PII possible (clientId, clientName)",
			"recommendedControls": [
				"Encrypt or redact PII at rest and in transit.",
				"Use DB-level constraints or enums for status, priority, and riskRating to enforce valid values.",
				"Add appropriate indexes to support filtering and paging for workbasket queries.",
				"Consider modeling manualReviewReasons as JSONB or a separate table to enable structured queries and reduce TEXT scanning costs.",
				"Audit access to sensitive fields and retain createdAt/completedDate for retention policies."
			]
		}
	},
	"recommendedQueries": [
		{
			"name": "findFiltered",
			"description": "Paged filter by lob, status, assignedAnalyst. Null/empty params are treated as no-filter.",
			"params": [
				"lob (string)",
				"status (string)",
				"assignedAnalyst (string)",
				"pageable"
			],
			"returns": "Page<Case>"
		},
		{
			"name": "findUnassignedByLob",
			"description": "List cases for a given LOB where status is 'unassigned' or assignedAnalyst is null.",
			"params": [
				"lob (string)"
			],
			"returns": "List<Case>"
		},
		{
			"name": "findEscalationCandidates",
			"description": "Paged: assignedAnalyst + explicit escalationReason OR manualReviewReasons containing any provided keywords (caller lowercases keywords).",
			"params": [
				"assignedAnalyst (string)",
				"kw1 (string)",
				"kw2 (string)",
				"kw3 (string)",
				"kw4 (string)",
				"pageable"
			],
			"returns": "Page<Case>"
		},
		{
			"name": "findCompletedToday",
			"description": "Paged completed cases for an analyst within a datetime range (use startOfDay / endOfDay).",
			"params": [
				"assignedAnalyst (string)",
				"startOfDay (LocalDateTime)",
				"endOfDay (LocalDateTime)",
				"pageable"
			],
			"returns": "Page<Case>"
		},
		{
			"name": "searchByText",
			"description": "Paged, case-insensitive search across caseId, clientName, clientId. Caller should pass lowercase q.",
			"params": [
				"q (string)",
				"pageable"
			],
			"returns": "Page<Case>"
		}
	]
}