{
  "version": "1.0",
  "generatedFrom": [
    "backend/src/main/java/com/bofa/aml/hra/service/DashboardService.java",
    "backend/src/main/java/com/bofa/aml/hra/service/WorkflowService.java",
    "backend/src/main/java/com/bofa/aml/hra/service/RiskAssessmentService.java",
    "backend/src/main/java/com/bofa/aml/hra/repository/CaseRepository.java",
    "backend/src/main/java/com/bofa/aml/hra/model/CaseEntity.java"
  ],
  "description": "Data taxonomy describing service layer APIs, method signatures, inputs/outputs, side-effects, and operational recommendations for DashboardService, WorkflowService and RiskAssessmentService.",
  "services": [
    {
      "name": "DashboardService",
      "package": "com.bofa.aml.hra.service",
      "description": "Provides aggregated metrics and UI-oriented telemetry data for dashboard screens. Current implementation returns mock data for rapid development.",
      "methods": [
        {
          "name": "getRiskOverview",
          "signature": "RiskOverviewResponse getRiskOverview()",
          "description": "Returns aggregated risk metrics (highRiskClients, activeInvestigations, totalClients, highRiskJurisdictions).",
          "inputs": [],
          "output": "RiskOverviewResponse",
          "sideEffects": ["none (reads internal metrics or mocked values)"],
          "sensitivity": []
        },
        {
          "name": "getWorkflowDistribution",
          "signature": "WorkflowDistributionResponse getWorkflowDistribution()",
          "description": "Returns distribution counts by workflow status for charts.",
          "inputs": [],
          "output": "WorkflowDistributionResponse",
          "sideEffects": ["none (mocked)"],
          "sensitivity": []
        },
        {
          "name": "getEscalationTrends",
          "signature": "EscalationTrendsResponse getEscalationTrends(int weeks)",
          "description": "Returns recent weekly escalation counts. Parameter controls lookback window.",
          "inputs": [
            { "name": "weeks", "type": "integer", "notes": "Number of weeks to include; validate bounds" }
          ],
          "output": "EscalationTrendsResponse",
          "sideEffects": ["none (mocked)"],
          "recommendations": ["Enforce max weeks limit to avoid heavy queries"]
        },
        {
          "name": "getTurnaroundTimes",
          "signature": "TurnaroundTimesResponse getTurnaroundTimes()",
          "description": "Returns average turnaround metrics per role.",
          "inputs": [],
          "output": "TurnaroundTimesResponse",
          "sideEffects": ["none (mocked)"]
        },
        {
          "name": "getRecentActivity",
          "signature": "RecentActivityResponse getRecentActivity(int limit)",
          "description": "Returns a list of recent user activity entries (id, action, user, userId, timestamp, status, caseId, metadata).",
          "inputs": [
            { "name": "limit", "type": "integer", "notes": "Max items to return; service enforces subList on mocked data" }
          ],
          "output": "RecentActivityResponse",
          "sideEffects": ["none (mocked)"],
          "sensitivity": ["user", "userId", "caseId", "metadata"],
          "recommendations": [
            "Redact or tokenize PII fields for external clients",
            "Limit metadata content and avoid embedding raw user inputs"
          ]
        },
        {
          "name": "getQuickActions",
          "signature": "QuickActionsResponse getQuickActions(String userRole)",
          "description": "Returns quick action counts and labels for the specified role.",
          "inputs": [
            { "name": "userRole", "type": "string", "notes": "Role string; normalize and validate" }
          ],
          "output": "QuickActionsResponse",
          "sideEffects": ["none (mocked)"],
          "recommendations": ["Use enums for role values to avoid casing/typo issues"]
        },
        {
          "name": "getTeamCapacity",
          "signature": "TeamCapacityResponse getTeamCapacity()",
          "description": "Returns per-team capacity and an aggregated summary.",
          "inputs": [],
          "output": "TeamCapacityResponse",
          "sideEffects": ["none (mocked)"]
        }
      ],
      "operationalNotes": [
        "Current methods return mocked values; replace with DB/analytics queries in production.",
        "Log debug-level entries but avoid logging PII in production.",
        "Expose stable response DTOs to frontend; version responses if structure changes."
      ]
    },
    {
      "name": "WorkflowService",
      "package": "com.bofa.aml.hra.service",
      "description": "Primary workflow business logic. Maps persistent CaseEntity -> WorkItem DTO. Uses CaseRepository for DB operations; falls back to mock data if repository empty. Injects Clock for deterministic time calculations.",
      "methods": [
        {
          "name": "getMyWorkbasket",
          "signature": "WorkbasketResponse getMyWorkbasket(String assignee, String filter, int limit, int offset)",
          "description": "Returns a paged list of WorkItem for the specified assignee and filter. Supports filters: active, escalations, completed, returned, all.",
          "inputs": [
            { "name": "assignee", "type": "string" },
            { "name": "filter", "type": "string", "notes": "allowed: active, escalations, completed, returned, all" },
            { "name": "limit", "type": "integer", "notes": "page size; enforce max" },
            { "name": "offset", "type": "integer", "notes": "zero-based offset" }
          ],
          "output": "WorkbasketResponse (items: List<WorkItem>, total: long, page: int, size: int)",
          "sideEffects": ["reads from CaseRepository", "performs mapping CaseEntity -> WorkItem"],
          "usesRepository": true,
          "pagingSupport": true,
          "sensitivity": ["clientId", "clientName", "caseId", "assignedAnalyst", "manualReviewReasons"],
          "recommendations": [
            "Validate/limit `limit` and `offset` to prevent large result sets",
            "Sanitize manualReviewReasons and other free-text fields",
            "Prefer repository-side filtering and projection to reduce payloads",
            "Consider RBAC enforcement: ensure assignee is authorized to view listed cases"
          ]
        },
        {
          "name": "getWorkQueue",
          "signature": "WorkQueueResponse getWorkQueue(String lob, int limit, int offset)",
          "description": "Returns a paged list of WorkItem for a line-of-business queue; performs DB filtering using repository method `findFiltered`.",
          "inputs": [
            { "name": "lob", "type": "string", "notes": "empty string treated as no-filter" },
            { "name": "limit", "type": "integer" },
            { "name": "offset", "type": "integer" }
          ],
          "output": "WorkQueueResponse",
          "sideEffects": ["reads from CaseRepository", "mapping CaseEntity -> WorkItem"],
          "usesRepository": true,
          "pagingSupport": true,
          "sensitivity": ["clientId", "clientName", "caseId", "manualReviewReasons"],
          "recommendations": ["Use DB indexes for createdAt/jurisdiction/lob to optimize queries"]
        },
        {
          "name": "getNextCase",
          "signature": "CaseAssignmentResponse getNextCase()",
          "description": "Assigns/returns a new case assignment (mocked): assignmentId, caseId, assignedTo, message.",
          "inputs": [],
          "output": "CaseAssignmentResponse",
          "sideEffects": ["in production would allocate/lock a case; current method is mock-only"],
          "recommendations": [
            "Implement allocation under transaction with optimistic locking to avoid race conditions",
            "Expose idempotency or mutex for concurrent callers"
          ]
        },
        {
          "name": "escalateCase",
          "signature": "EscalationResponse escalateCase(EscalateRequest request)",
          "description": "Escalates a case to a target team/role. Returns escalation status message.",
          "inputs": [
            { "name": "request.caseId", "type": "string" },
            { "name": "request.escalateTo", "type": "string" },
            { "name": "request.reason", "type": "string" }
          ],
          "output": "EscalationResponse",
          "sideEffects": ["should update CaseEntity state and create audit entry (current: mocked)"],
          "sensitivity": ["caseId", "reason"],
          "recommendations": [
            "Persist escalation events in audit log",
            "Enumerate `escalateTo` allowed values",
            "Sanitize `reason` and avoid storing PII in free text"
          ]
        },
        {
          "name": "returnCase",
          "signature": "ReturnCaseResponse returnCase(ReturnCaseRequest request)",
          "description": "Returns a case to a prior owner/queue with comments.",
          "inputs": [
            { "name": "request.caseId", "type": "string" },
            { "name": "request.comments", "type": "string" }
          ],
          "output": "ReturnCaseResponse",
          "sideEffects": ["should update case assignment and create audit log (current: mocked)"],
          "sensitivity": ["caseId", "comments"],
          "recommendations": ["Audit comments and consider redaction policies for stored comments"]
        },
        {
          "name": "bulkReassign",
          "signature": "BulkReassignmentResponse bulkReassign(BulkReassignRequest request)",
          "description": "Performs bulk reassignment of provided caseIds to a newAssignee or newLob. Current implementation returns counts based on request size (mocked).",
          "inputs": [
            { "name": "request.caseIds", "type": "List<String>" },
            { "name": "request.newAssignee", "type": "string", "nullable": true },
            { "name": "request.newLob", "type": "string", "nullable": true }
          ],
          "output": "BulkReassignmentResponse",
          "sideEffects": ["should perform transactional update of many CaseEntity rows; currently simulated"],
          "sensitivity": ["caseIds"],
          "recommendations": [
            "Perform updates in batches with transaction boundaries",
            "Support idempotency and dry-run mode",
            "Validate permissions before reassigning large sets"
          ]
        },
        {
          "name": "submitDisposition",
          "signature": "DispositionResponse submitDisposition(DispositionRequest request)",
          "description": "Records a final disposition for a case and returns confirmation.",
          "inputs": [
            { "name": "request.caseId", "type": "string" },
            { "name": "request.disposition", "type": "string" },
            { "name": "request.comments", "type": "string", "nullable": true }
          ],
          "output": "DispositionResponse",
          "sideEffects": ["should change CaseEntity disposition and log event (mocked)"],
          "sensitivity": ["caseId", "comments"],
          "recommendations": ["Use strict disposition enums and audit all disposition changes"]
        }
      ],
      "implementationNotes": [
        "Maps persisted CaseEntity -> WorkItem; WorkItem includes clientId, clientName, status, assignedAnalyst, riskRating, manualReviewReasons, createdDate and computed daysInQueue",
        "parseManualReviewReasons attempts JSON parse then comma-split fallback; manualReviewReasons may contain sensitive content",
        "generateMockItems is used as fallback when repository empty � remove or gate in production"
      ]
    },
    {
      "name": "RiskAssessmentService",
      "package": "com.bofa.aml.hra.service",
      "description": "Stubs for risk-assessment related operations. Methods currently return null or empty lists and must be implemented.",
      "methods": [
        {
          "name": "searchCompanies",
          "signature": "List<CompanySearchResult> searchCompanies(String query, String lob)",
          "description": "Search for companies matching query and optional lob.",
          "inputs": [
            { "name": "query", "type": "string" },
            { "name": "lob", "type": "string", "nullable": true }
          ],
          "output": "List<CompanySearchResult>",
          "sideEffects": ["should query company index or DB (not implemented)"]
        },
        {
          "name": "getCustomerInfo",
          "signature": "CustomerInfoResponse getCustomerInfo(String clientId)",
          "description": "Return customer details for a client id.",
          "inputs": [
            { "name": "clientId", "type": "string" }
          ],
          "output": "CustomerInfoResponse",
          "sideEffects": ["reads from customer store (not implemented)"],
          "sensitivity": ["clientId", "customer PII depending on CustomerInfoResponse fields"]
        },
        {
          "name": "getCrrRiskFactors",
          "signature": "CrrRiskFactorsResponse getCrrRiskFactors(String caseId)",
          "description": "Return CRR risk factors for a case.",
          "inputs": [
            { "name": "caseId", "type": "string" }
          ],
          "output": "CrrRiskFactorsResponse",
          "sideEffects": ["reads from risk assessment store (not implemented)"],
          "sensitivity": ["caseId"]
        },
        {
          "name": "getAdditionalRiskFactors",
          "signature": "AdditionalRiskFactorsResponse getAdditionalRiskFactors(String caseId)",
          "description": "Return additional risk factor details for a case.",
          "inputs": [
            { "name": "caseId", "type": "string" }
          ],
          "output": "AdditionalRiskFactorsResponse",
          "sideEffects": ["reads from risk data store (not implemented)"],
          "sensitivity": ["caseId"]
        },
        {
          "name": "getRiskMitigants",
          "signature": "RiskMitigantsResponse getRiskMitigants(String caseId)",
          "description": "Return risk mitigants for a case.",
          "inputs": [
            { "name": "caseId", "type": "string" }
          ],
          "output": "RiskMitigantsResponse",
          "sideEffects": ["reads from mitigants store (not implemented)"],
          "sensitivity": ["caseId"]
        },
        {
          "name": "submitRiskSummary",
          "signature": "RiskSummaryResponse submitRiskSummary(RiskSummaryRequest request)",
          "description": "Submit or update a risk summary; currently a stub.",
          "inputs": [
            { "name": "request", "type": "RiskSummaryRequest", "nullable": true }
          ],
          "output": "RiskSummaryResponse",
          "sideEffects": ["should validate and persist risk summary (not implemented)"],
          "recommendations": ["Define RiskSummaryRequest fields and validation before implementing"]
        }
      ],
      "implementationNotes": [
        "All methods are placeholders returning empty or null; implement with proper persistence, validation and authorization.",
        "CustomerInfoResponse and CompanySearchResult likely contain PII � confirm and classify fields before returning to clients."
      ]
    }
  ],
  "sensitivity": [
    "clientId",
    "clientName",
    "caseId",
    "caseIds",
    "userId",
    "assignedAnalyst",
    "manualReviewReasons",
    "metadata (may contain PII)"
  ],
  "crossReferences": {
    "dtoResponses": "backend/src/main/java/com/bofa/aml/hra/dto/response",
    "dtoRequests": "backend/src/main/java/com/bofa/aml/hra/dto/request",
    "repositories": "backend/src/main/java/com/bofa/aml/hra/repository",
    "models": "backend/src/main/java/com/bofa/aml/hra/model"
  },
  "governance": {
    "recommendations": [
      "Enforce RBAC checks in service layer for any case/customer access",
      "Validate and canonicalize identifiers received from clients; avoid echoing raw input in errors",
      "Apply pagination limits and defensive guards (max limit, sane offset)",
      "Sanitize free-text fields and apply retention/redaction rules for audit data",
      "Make bulk operations transactional and idempotent where possible",
      "Add unit and integration tests for mapping logic (CaseEntity -> WorkItem) and for repository filters",
      "Emit metrics for service method calls and error codes; correlate with trace ids",
      "Avoid returning uninitialized placeholders to API clients; replace mocked responses before production"
    ]
  }
}