{
  "version": "1.0",
  "generatedFrom": [
    "backend/src/main/java/com/bofa/aml/hra/repository/CaseRepository.java"
  ],
  "repository": "CaseRepository",
  "description": "JPA repository surface describing available queries for CaseEntity used by workflow APIs.",
  "methods": [
    {
      "name": "findFiltered",
      "signature": "Page<CaseEntity> findFiltered(String lob, String status, String assignedAnalyst, Pageable pageable)",
      "type": "paged",
      "jpaQuery": "SELECT c FROM CaseEntity c WHERE (:lob IS NULL OR :lob = '' OR c.lob = :lob) AND (:status IS NULL OR :status = '' OR c.status = :status) AND (:assignedAnalyst IS NULL OR :assignedAnalyst = '' OR c.assignedAnalyst = :assignedAnalyst)",
      "description": "Paged filter by lob, status and assignedAnalyst. Null or empty params are treated as no-filter for that field.",
      "parameters": [
        {
          "name": "lob",
          "type": "string",
          "nullable": true
        },
        {
          "name": "status",
          "type": "string",
          "nullable": true
        },
        {
          "name": "assignedAnalyst",
          "type": "string",
          "nullable": true
        },
        {
          "name": "pageable",
          "type": "Pageable",
          "nullable": false
        }
      ],
      "returns": "Page<CaseEntity>",
      "notes": [
        "Designed for UI workbasket filtering; combine with indexes on lob/status/assigned_analyst for performance.",
        "Empty-string semantics allow callers to skip filters without passing null."
      ]
    },
    {
      "name": "findUnassignedByLob",
      "signature": "List<CaseEntity> findUnassignedByLob(String lob)",
      "type": "list",
      "jpaQuery": "SELECT c FROM CaseEntity c WHERE c.lob = :lob AND (c.status = 'unassigned' OR c.assignedAnalyst IS NULL)",
      "description": "Find cases for a given LOB that are unassigned (status 'unassigned' or no assignedAnalyst).",
      "parameters": [
        {
          "name": "lob",
          "type": "string",
          "nullable": false
        }
      ],
      "returns": "List<CaseEntity>",
      "notes": [
        "Useful for automated work allocation or backlog reports."
      ]
    },
    {
      "name": "findByAssignedAnalyst",
      "signature": "List<CaseEntity> findByAssignedAnalyst(String assignedAnalyst)",
      "type": "list",
      "description": "Find all cases assigned to a given analyst (non-paged).",
      "parameters": [
        {
          "name": "assignedAnalyst",
          "type": "string",
          "nullable": false
        }
      ],
      "returns": "List<CaseEntity>"
    },
    {
      "name": "findByAssignedAnalyst (paged)",
      "signature": "Page<CaseEntity> findByAssignedAnalyst(String assignedAnalyst, Pageable pageable)",
      "type": "paged",
      "description": "Page results for cases assigned to an analyst (workbasket paging).",
      "parameters": [
        {
          "name": "assignedAnalyst",
          "type": "string",
          "nullable": false
        },
        {
          "name": "pageable",
          "type": "Pageable",
          "nullable": false
        }
      ],
      "returns": "Page<CaseEntity>",
      "notes": [
        "Index assigned_analyst for efficient paging."
      ]
    },
    {
      "name": "findByAssignedAnalystAndStatus",
      "signature": "Page<CaseEntity> findByAssignedAnalystAndStatus(String assignedAnalyst, String status, Pageable pageable)",
      "type": "paged",
      "description": "Paged query for cases assigned to an analyst with a single status filter.",
      "parameters": [
        {
          "name": "assignedAnalyst",
          "type": "string",
          "nullable": false
        },
        {
          "name": "status",
          "type": "string",
          "nullable": false
        },
        {
          "name": "pageable",
          "type": "Pageable",
          "nullable": false
        }
      ],
      "returns": "Page<CaseEntity>"
    },
    {
      "name": "findByAssignedAnalystAndStatusIn",
      "signature": "Page<CaseEntity> findByAssignedAnalystAndStatusIn(String assignedAnalyst, List<String> statuses, Pageable pageable)",
      "type": "paged",
      "description": "Paged query for cases assigned to an analyst matching any of the provided statuses.",
      "parameters": [
        {
          "name": "assignedAnalyst",
          "type": "string",
          "nullable": false
        },
        {
          "name": "statuses",
          "type": "List<string>",
          "nullable": false
        },
        {
          "name": "pageable",
          "type": "Pageable",
          "nullable": false
        }
      ],
      "returns": "Page<CaseEntity>"
    },
    {
      "name": "findEscalationCandidates",
      "signature": "Page<CaseEntity> findEscalationCandidates(String assignedAnalyst, String kw1, String kw2, String kw3, String kw4, Pageable pageable)",
      "type": "paged",
      "jpaQuery": "SELECT c FROM CaseEntity c WHERE c.assignedAnalyst = :assignedAnalyst AND ((c.escalationReason IS NOT NULL AND c.escalationReason <> '') OR LOWER(c.manualReviewReasons) LIKE CONCAT('%', :kw1, '%') OR LOWER(c.manualReviewReasons) LIKE CONCAT('%', :kw2, '%') OR LOWER(c.manualReviewReasons) LIKE CONCAT('%', :kw3, '%') OR LOWER(c.manualReviewReasons) LIKE CONCAT('%', :kw4, '%'))",
      "description": "Find escalation candidates by explicit escalationReason or manualReviewReasons containing any of the provided keywords. Caller should pass keywords lowercased.",
      "parameters": [
        {
          "name": "assignedAnalyst",
          "type": "string",
          "nullable": false
        },
        {
          "name": "kw1",
          "type": "string",
          "nullable": true
        },
        {
          "name": "kw2",
          "type": "string",
          "nullable": true
        },
        {
          "name": "kw3",
          "type": "string",
          "nullable": true
        },
        {
          "name": "kw4",
          "type": "string",
          "nullable": true
        },
        {
          "name": "pageable",
          "type": "Pageable",
          "nullable": false
        }
      ],
      "returns": "Page<CaseEntity>",
      "notes": [
        "ManualReviewReasons is TEXT and scanned with LIKE; consider structured storage (JSONB) or full-text index for performance.",
        "EscalationReason presence short-circuits keyword matching and should be indexed if frequently queried."
      ]
    },
    {
      "name": "findCompletedToday",
      "signature": "Page<CaseEntity> findCompletedToday(String assignedAnalyst, LocalDateTime startOfDay, LocalDateTime endOfDay, Pageable pageable)",
      "type": "paged",
      "jpaQuery": "SELECT c FROM CaseEntity c WHERE c.assignedAnalyst = :assignedAnalyst AND c.status = 'completed' AND c.completedDate >= :startOfDay AND c.completedDate < :endOfDay",
      "description": "Paged completed cases for an analyst within a datetime range (use startOfDay / endOfDay for a day-window).",
      "parameters": [
        {
          "name": "assignedAnalyst",
          "type": "string",
          "nullable": false
        },
        {
          "name": "startOfDay",
          "type": "LocalDateTime",
          "nullable": false
        },
        {
          "name": "endOfDay",
          "type": "LocalDateTime",
          "nullable": false
        },
        {
          "name": "pageable",
          "type": "Pageable",
          "nullable": false
        }
      ],
      "returns": "Page<CaseEntity>",
      "notes": [
        "Index completed_date for efficient date-range queries."
      ]
    },
    {
      "name": "findByStatus",
      "signature": "List<CaseEntity> findByStatus(String status)",
      "type": "list",
      "description": "Simple finder returning all cases with the given status.",
      "parameters": [
        {
          "name": "status",
          "type": "string",
          "nullable": false
        }
      ],
      "returns": "List<CaseEntity>"
    },
    {
      "name": "searchByText",
      "signature": "Page<CaseEntity> searchByText(String q, Pageable pageable)",
      "type": "paged",
      "jpaQuery": "SELECT c FROM CaseEntity c WHERE (LOWER(c.caseId) LIKE CONCAT('%', :q, '%') OR LOWER(c.clientName) LIKE CONCAT('%', :q, '%') OR LOWER(c.clientId) LIKE CONCAT('%', :q, '%'))",
      "description": "Case-insensitive 'contains' search across caseId, clientName, clientId. Caller should pass a lowercased query string.",
      "parameters": [
        {
          "name": "q",
          "type": "string",
          "nullable": false
        },
        {
          "name": "pageable",
          "type": "Pageable",
          "nullable": false
        }
      ],
      "returns": "Page<CaseEntity>",
      "notes": [
        "Consider replacing LIKE-based search with a DB full-text index (tsvector / trigram) for performance and accuracy."
      ]
    }
  ],
  "recommendedIndexes": [
    {
      "fields": [ "lob" ],
      "type": "btree",
      "reason": "Used in filtering (findFiltered, findUnassignedByLob)"
    },
    {
      "fields": [ "status" ],
      "type": "btree",
      "reason": "Used in filtering and completed queries"
    },
    {
      "fields": [ "assigned_analyst" ],
      "type": "btree",
      "reason": "Primary pivot for workbasket queries and paging"
    },
    {
      "fields": [ "completed_date" ],
      "type": "btree",
      "reason": "Date-range queries for completed cases"
    },
    {
      "fields": [ "case_id", "client_name", "client_id" ],
      "type": "fulltext/trigram",
      "reason": "Improve performance for searchByText"
    },
    {
      "fields": [ "escalation_reason" ],
      "type": "btree",
      "reason": "Speeds detection of explicit escalationReason in queries"
    }
  ],
  "notes": [
    "Methods using LIKE against manualReviewReasons or text fields will scan rows; consider JSONB + GIN indexes or full-text search for scale.",
    "findFiltered treats null and empty string identically � callers may pass either to skip a filter.",
    "Keyword parameters for findEscalationCandidates are expected to be lowercased by the caller.",
    "Paging-returning methods return Page<CaseEntity> enabling sorting and size controls at the caller."
  ],
  "dataGovernance": {
    "sensitivity": "Potential PII exposure via clientId and clientName accessible by repository queries.",
    "recommendations": [
      "Audit and limit access to repository-backed endpoints returning sensitive fields.",
      "Use database-level encryption or column masking for clientName/clientId where required.",
      "Prefer structured storage for manualReviewReasons to enable safer extraction and search."
    ]
  }
}