{
  "version": "1.0",
  "generatedFrom": [
    "backend/src/main/java/com/bofa/aml/hra/controller/DashboardController.java",
    "backend/src/main/java/com/bofa/aml/hra/controller/RiskAssessmentController.java",
    "backend/src/main/java/com/bofa/aml/hra/controller/WorkflowController.java"
  ],
  "description": "Controller-level API taxonomy describing REST endpoints, HTTP mappings, request/response shapes, validation sources and operational guidance.",
  "controllers": [
    {
      "name": "DashboardController",
      "package": "com.bofa.aml.hra.controller",
      "basePath": "/v1/dashboard",
      "description": "Read-only dashboard metrics and analytics endpoints (risk overview, workflow distribution, trends, turnaround, activity, quick actions, team capacity).",
      "endpoints": [
        {
          "path": "/risk-overview",
          "verb": "GET",
          "operation": "Get risk overview metrics",
          "inputs": [],
          "response": "ApiResponse<RiskOverviewResponse>",
          "sensitivity": [],
          "notes": [
            "Safe for anonymous UI consumption if RBAC allows; values are aggregates."
          ]
        },
        {
          "path": "/workflow-distribution",
          "verb": "GET",
          "operation": "Get workflow status distribution",
          "inputs": [],
          "response": "ApiResponse<WorkflowDistributionResponse>",
          "sensitivity": []
        },
        {
          "path": "/escalation-trends",
          "verb": "GET",
          "operation": "Get escalation trends",
          "inputs": [
            { "name": "weeks", "in": "query", "type": "int", "default": 4, "validation": "validate bounds on service layer" }
          ],
          "response": "ApiResponse<EscalationTrendsResponse>",
          "sensitivity": []
        },
        {
          "path": "/turnaround-times",
          "verb": "GET",
          "operation": "Get turnaround time metrics",
          "inputs": [],
          "response": "ApiResponse<TurnaroundTimesResponse>",
          "sensitivity": []
        },
        {
          "path": "/recent-activity",
          "verb": "GET",
          "operation": "Get recent workflow activity",
          "inputs": [
            { "name": "limit", "in": "query", "type": "int", "default": 10 }
          ],
          "response": "ApiResponse<RecentActivityResponse>",
          "sensitivity": [
            "user",
            "userId",
            "caseId",
            "metadata"
          ],
          "recommendations": [
            "Enforce max `limit` to avoid large payloads",
            "Redact or tokenize PII in `metadata` and `user` fields when exposing outside internal UI"
          ]
        },
        {
          "path": "/quick-actions",
          "verb": "GET",
          "operation": "Get role-specific quick actions",
          "inputs": [
            { "name": "userRole", "in": "query", "type": "string", "required": true }
          ],
          "response": "ApiResponse<QuickActionsResponse>",
          "notes": [
            "Normalize/validate `userRole` values; consider using enum in API contract"
          ]
        },
        {
          "path": "/team-capacity",
          "verb": "GET",
          "operation": "Get team capacity overview",
          "inputs": [],
          "response": "ApiResponse<TeamCapacityResponse>",
          "sensitivity": []
        }
      ],
      "governance": [
        "Cache or rate-limit heavy dashboard endpoints as appropriate",
        "Avoid logging full response payloads in production to reduce PII exposure"
      ]
    },
    {
      "name": "RiskAssessmentController",
      "package": "com.bofa.aml.hra.controller",
      "basePath": "/v1/risk-assessment",
      "description": "Customer and risk-assessment related endpoints. Several DTOs are placeholders and may contain PII.",
      "endpoints": [
        {
          "path": "/companies/search",
          "verb": "GET",
          "operation": "Search companies",
          "inputs": [
            { "name": "query", "in": "query", "type": "string", "required": true },
            { "name": "lob", "in": "query", "type": "string", "required": false }
          ],
          "response": "ApiResponse<List<CompanySearchResult>>",
          "sensitivity": [
            "company identifying fields (confirm once CompanySearchResult defined)"
          ],
          "recommendations": [
            "Sanitize `query` to avoid injection into search backends",
            "Apply paging and max result caps"
          ]
        },
        {
          "path": "/customer/{clientId}",
          "verb": "GET",
          "operation": "Get customer information",
          "inputs": [
            { "name": "clientId", "in": "path", "type": "string", "required": true }
          ],
          "response": "ApiResponse<CustomerInfoResponse>",
          "sensitivity": [
            "clientId",
            "customer PII (depends on CustomerInfoResponse fields)"
          ],
          "recommendations": [
            "Enforce RBAC and mask PII when caller lacks permission"
          ]
        },
        {
          "path": "/crr-factors/{caseId}",
          "verb": "GET",
          "operation": "Get CRR risk factors",
          "inputs": [
            { "name": "caseId", "in": "path", "type": "string", "required": true }
          ],
          "response": "ApiResponse<CrrRiskFactorsResponse>",
          "sensitivity": ["caseId"]
        },
        {
          "path": "/additional-factors/{caseId}",
          "verb": "GET",
          "operation": "Get additional risk factors",
          "inputs": [
            { "name": "caseId", "in": "path", "type": "string", "required": true }
          ],
          "response": "ApiResponse<AdditionalRiskFactorsResponse>",
          "sensitivity": ["caseId"]
        },
        {
          "path": "/mitigants/{caseId}",
          "verb": "GET",
          "operation": "Get risk mitigants",
          "inputs": [
            { "name": "caseId", "in": "path", "type": "string", "required": true }
          ],
          "response": "ApiResponse<RiskMitigantsResponse>",
          "sensitivity": ["caseId"]
        },
        {
          "path": "/summary",
          "verb": "POST",
          "operation": "Submit risk summary",
          "inputs": [
            { "name": "body", "in": "body", "type": "RiskSummaryRequest", "validation": "@Valid" }
          ],
          "response": "ApiResponse<RiskSummaryResponse>",
          "sensitivity": [],
          "notes": [
            "RiskSummaryRequest is currently a placeholder � define fields and validation before enabling production usage"
          ]
        }
      ],
      "governance": [
        "Confirm and classify fields inside CustomerInfoResponse and CompanySearchResult for PII",
        "Apply strict access controls and audit logging for customer detail retrieval"
      ]
    },
    {
      "name": "WorkflowController",
      "package": "com.bofa.aml.hra.controller",
      "basePath": "/v1/workflows",
      "description": "Core workflow endpoints for workbasket/queue management, assignment, escalation, returns, bulk operations and dispositions.",
      "endpoints": [
        {
          "path": "/workbasket/my-cases",
          "verb": "GET",
          "operation": "Get my workbasket cases",
          "inputs": [
            { "name": "X-User-Id", "in": "header", "type": "string", "required": false, "notes": "Dev/test header; replace with security principal in prod" },
            { "name": "filter", "in": "query", "type": "string", "default": "all", "notes": "allowed: all, active, escalations, completed, returned" },
            { "name": "limit", "in": "query", "type": "int", "default": 50 },
            { "name": "offset", "in": "query", "type": "int", "default": 0 }
          ],
          "response": "ApiResponse<WorkbasketResponse>",
          "sensitivity": [
            "caseId",
            "clientId",
            "clientName",
            "assignedAnalyst",
            "manualReviewReasons"
          ],
          "recommendations": [
            "Replace header-based dev auth with Security Principal",
            "Enforce RBAC to ensure callers see only permitted cases",
            "Validate/limit `limit` and `offset` values to avoid large scans"
          ]
        },
        {
          "path": "/work-queue",
          "verb": "GET",
          "operation": "Get work queue",
          "inputs": [
            { "name": "lob", "in": "query", "type": "string", "required": false },
            { "name": "limit", "in": "query", "type": "int", "default": 50 },
            { "name": "offset", "in": "query", "type": "int", "default": 0 }
          ],
          "response": "ApiResponse<WorkQueueResponse>",
          "sensitivity": [
            "clientId",
            "clientName",
            "caseId",
            "manualReviewReasons"
          ],
          "recommendations": [
            "Use repository projections to avoid returning heavy objects for list endpoints",
            "Require manager-level access for queue operations where appropriate"
          ]
        },
        {
          "path": "/get-next-case",
          "verb": "POST",
          "operation": "Get next case (FIFO)",
          "inputs": [],
          "response": "ApiResponse<CaseAssignmentResponse>",
          "notes": [
            "In production this should allocate/lock cases transactionally to avoid races"
          ],
          "sensitivity": ["caseId"]
        },
        {
          "path": "/escalate",
          "verb": "POST",
          "operation": "Escalate case",
          "inputs": [
            { "name": "body", "in": "body", "type": "EscalateRequest", "validation": "@Valid" }
          ],
          "response": "ApiResponse<EscalationResponse>",
          "sensitivity": [
            "caseId",
            "reason"
          ],
          "recommendations": [
            "Enumerate `escalateTo` allowed values and validate server-side",
            "Sanitize and audit `reason` content"
          ]
        },
        {
          "path": "/return",
          "verb": "POST",
          "operation": "Return case",
          "inputs": [
            { "name": "body", "in": "body", "type": "ReturnCaseRequest", "validation": "@Valid" }
          ],
          "response": "ApiResponse<ReturnCaseResponse>",
          "sensitivity": [
            "caseId",
            "comments"
          ],
          "recommendations": [
            "Audit return comments and consider redaction policy"
          ]
        },
        {
          "path": "/bulk-reassign",
          "verb": "POST",
          "operation": "Bulk reassignment",
          "inputs": [
            { "name": "body", "in": "body", "type": "BulkReassignRequest", "validation": "@Valid" }
          ],
          "response": "ApiResponse<BulkReassignmentResponse>",
          "sensitivity": ["caseIds"],
          "recommendations": [
            "Validate permission for bulk operations",
            "Offer dry-run and idempotency keys for large reassignments"
          ]
        },
        {
          "path": "/disposition",
          "verb": "POST",
          "operation": "Submit disposition",
          "inputs": [
            { "name": "body", "in": "body", "type": "DispositionRequest", "validation": "@Valid" }
          ],
          "response": "ApiResponse<DispositionResponse>",
          "sensitivity": [
            "caseId",
            "comments"
          ],
          "recommendations": [
            "Use strict enums for `disposition` and audit changes"
          ]
        }
      ],
      "governance": [
        "Validate headers and replace dev-only headers with proper auth",
        "Return consistent ApiResponse shapes and error codes documented in API spec",
        "Add controller-level unit tests to ensure validation and mapping behavior"
      ]
    }
  ],
  "sensitivity": [
    "caseId",
    "caseIds",
    "clientId",
    "clientName",
    "userId",
    "assignedAnalyst",
    "comments",
    "reason",
    "manualReviewReasons",
    "metadata"
  ],
  "crossReferences": {
    "services": "backend/src/main/java/com/bofa/aml/hra/service",
    "requests": "backend/src/main/java/com/bofa/aml/hra/dto/request",
    "responses": "backend/src/main/java/com/bofa/aml/hra/dto/response",
    "exceptions": "backend/src/main/java/com/bofa/aml/hra/exception/GlobalExceptionHandler.java"
  },
  "governance": {
    "recommendations": [
      "Document stable errorCodes and ApiResponse contract in API docs",
      "Enforce RBAC and input validation at controller or security layer",
      "Limit pagination and normalize default values; validate client-supplied offsets and limits",
      "Audit and redact PII in logs and responses as per data governance policy",
      "Add integration tests exercising happy and error paths for each endpoint"
    ]
  }
}