{
  "version": "1.0",
  "generatedFrom": [
    "backend/src/main/java/com/bofa/aml/hra/exception/GlobalExceptionHandler.java",
    "backend/src/main/java/com/bofa/aml/hra/exception/ResourceNotFoundException.java",
    "backend/src/main/java/com/bofa/aml/hra/exception/ValidationException.java",
    "backend/src/main/java/com/bofa/aml/hra/dto/response/ApiResponse.java"
  ],
  "description": "Data taxonomy describing exception types, HTTP mappings and API error payload shapes produced by the GlobalExceptionHandler.",
  "exceptions": [
    {
      "name": "ResourceNotFoundException",
      "package": "com.bofa.aml.hra.exception",
      "description": "Thrown when a requested resource (case, entity) cannot be found.",
      "thrownBy": [
        "service layer",
        "controller layer"
      ],
      "httpMapping": {
        "httpStatus": 404,
        "errorCode": "RESOURCE_NOT_FOUND",
        "messageTemplate": "{resource} not found with identifier: {id}"
      },
      "responseShape": {
        "wrapper": "ApiResponse<Void>",
        "error": {
          "code": "RESOURCE_NOT_FOUND",
          "message": "Human-readable message from exception",
          "details": null
        }
      },
      "sensitivity": [],
      "recommendations": [
        "Include resource type and identifier only when safe to expose to callers.",
        "Instrument with a correlation id for observability and include that id in logs (do not return in production error messages without policy).",
        "Provide a stable errorCode for clients to handle programmatically."
      ]
    },
    {
      "name": "ValidationException",
      "package": "com.bofa.aml.hra.exception",
      "description": "Business validation failure used for domain-level rules (distinct from request binding validation).",
      "thrownBy": [
        "service layer",
        "business validators"
      ],
      "httpMapping": {
        "httpStatus": 400,
        "errorCode": "VALIDATION_ERROR",
        "messageTemplate": "{message}"
      },
      "responseShape": {
        "wrapper": "ApiResponse<Void>",
        "error": {
          "code": "VALIDATION_ERROR",
          "message": "Exception message describing broken business rule",
          "details": null
        }
      },
      "sensitivity": [],
      "recommendations": [
        "Keep messages generic enough to avoid leaking sensitive data.",
        "Use structured details only when safe and necessary for client remediation."
      ]
    },
    {
      "name": "MethodArgumentNotValidException",
      "package": "org.springframework.web.bind.MethodArgumentNotValidException",
      "description": "Spring MVC exception for @Valid request body / parameter binding failures.",
      "thrownBy": [
        "Spring validation during controller request binding"
      ],
      "httpMapping": {
        "httpStatus": 400,
        "errorCode": "VALIDATION_ERROR",
        "messageTemplate": "Invalid request parameters"
      },
      "responseShape": {
        "wrapper": "ApiResponse<Map<String,String>>",
        "error": {
          "code": "VALIDATION_ERROR",
          "message": "Invalid request parameters",
          "details": "Map of fieldName -> validationMessage"
        }
      },
      "sensitivity": [
        "field names and messages may contain PII if validation errors echo input values"
      ],
      "recommendations": [
        "Return only field-level messages; avoid echoing raw user input.",
        "Ensure front-end validation messages are consistent with server-side constraints.",
        "Log full binding errors server-side but redact PII for exported logs/alerts."
      ]
    },
    {
      "name": "GenericException",
      "package": "java.lang.Exception",
      "description": "Fallback handler for unexpected runtime errors not explicitly handled.",
      "thrownBy": [
        "any layer"
      ],
      "httpMapping": {
        "httpStatus": 500,
        "errorCode": "INTERNAL_ERROR",
        "messageTemplate": "An unexpected error occurred"
      },
      "responseShape": {
        "wrapper": "ApiResponse<Void>",
        "error": {
          "code": "INTERNAL_ERROR",
          "message": "An unexpected error occurred",
          "details": null
        }
      },
      "sensitivity": [],
      "recommendations": [
        "Do not expose stack traces or internal details to clients.",
        "Record full exception details in secure logs, with correlation id and contextual metadata.",
        "Consider feature-flagged verbose errors for internal environments only."
      ]
    }
  ],
  "crossReferences": {
    "exceptionHandler": "backend/src/main/java/com/bofa/aml/hra/exception/GlobalExceptionHandler.java",
    "apiResponse": "backend/src/main/java/com/bofa/aml/hra/dto/response/ApiResponse.java",
    "observability": [
      "Log error occurrences with correlation id and errorCode",
      "Emit metrics for each errorCode (counts, rates)"
    ]
  },
  "governance": {
    "recommendations": [
      "Standardize errorCode strings and document them in API docs.",
      "Internationalize user-facing messages where appropriate; keep errorCode stable across locales.",
      "Review error messages to avoid leaking PII or internal implementation details.",
      "Add unit tests for GlobalExceptionHandler to validate status codes and error payload shapes."
    ]
  }
}