{
  "version": "1.0",
  "generatedFrom": [
    "backend/src/main/java/com/bofa/aml/hra/dto/request/RiskSummaryRequest.java",
    "backend/src/main/java/com/bofa/aml/hra/dto/request/ReturnCaseRequest.java",
    "backend/src/main/java/com/bofa/aml/hra/dto/request/EscalateRequest.java",
    "backend/src/main/java/com/bofa/aml/hra/dto/request/DispositionRequest.java",
    "backend/src/main/java/com/bofa/aml/hra/dto/request/BulkReassignRequest.java"
  ],
  "description": "Data taxonomy describing request DTOs (fields, types, validation, sensitivity and recommended usage). Validate against Java sources before using for codegen.",
  "dtos": [
    {
      "name": "RiskSummaryRequest",
      "package": "com.bofa.aml.hra.dto.request",
      "description": "Placeholder request for risk summary operations; implementation currently empty.",
      "fields": [],
      "notes": [
        "Class is a placeholder. Populate fields from Java source when available."
      ]
    },
    {
      "name": "ReturnCaseRequest",
      "package": "com.bofa.aml.hra.dto.request",
      "description": "Request body for returning a case to a prior owner or queue.",
      "fields": [
        {
          "name": "caseId",
          "type": "string",
          "javaType": "String",
          "nullable": false,
          "validation": "@NotBlank(message = \"Case ID is required\")",
          "description": "Business case identifier (required)"
        },
        {
          "name": "comments",
          "type": "string",
          "javaType": "String",
          "nullable": false,
          "validation": "@NotBlank(message = \"Return comments are required\")",
          "description": "Operator comments explaining the return (required)"
        }
      ],
      "sensitivity": [
        "caseId"
      ],
      "notes": [
        "Comments may contain free text; consider content scanning or length limits to avoid PII leakage."
      ],
      "mappings": {
        "targetModel": "CaseEntity",
        "mappingNotes": "Use caseId to identify case; persist comments to audit/log store with appropriate redaction."
      }
    },
    {
      "name": "EscalateRequest",
      "package": "com.bofa.aml.hra.dto.request",
      "description": "Request to escalate a case to another team or role.",
      "fields": [
        {
          "name": "caseId",
          "type": "string",
          "javaType": "String",
          "nullable": false,
          "validation": "@NotBlank(message = \"Case ID is required\")",
          "description": "Business case identifier (required)"
        },
        {
          "name": "escalateTo",
          "type": "string",
          "javaType": "String",
          "nullable": false,
          "validation": "@NotBlank(message = \"Escalation target is required\")",
          "description": "Escalation target identifier (e.g. \"hra-manager\", \"flu-aml\", \"gfc\")"
        },
        {
          "name": "reason",
          "type": "string",
          "javaType": "String",
          "nullable": false,
          "validation": "@NotBlank(message = \"Reason is required\")",
          "description": "Reason for escalation (required)"
        }
      ],
      "sensitivity": [
        "caseId"
      ],
      "notes": [
        "Define allowed values for `escalateTo` in API contract or enum to prevent invalid targets.",
        "Sanitize `reason` to prevent injection and to avoid leaking sensitive content."
      ]
    },
    {
      "name": "DispositionRequest",
      "package": "com.bofa.aml.hra.dto.request",
      "description": "Request payload for setting or updating a case disposition.",
      "fields": [
        {
          "name": "caseId",
          "type": "string",
          "javaType": "String",
          "nullable": false,
          "validation": "@NotBlank(message = \"Case ID is required\")",
          "description": "Business case identifier (required)"
        },
        {
          "name": "disposition",
          "type": "string",
          "javaType": "String",
          "nullable": false,
          "validation": "@NotBlank(message = \"Disposition is required\")",
          "description": "Disposition code (e.g. \"cleared\", \"escalated\", \"no-action\")"
        },
        {
          "name": "comments",
          "type": "string",
          "javaType": "String",
          "nullable": true,
          "description": "Optional comments accompanying the disposition"
        }
      ],
      "sensitivity": [
        "caseId"
      ],
      "notes": [
        "Enumerate allowed `disposition` values in API docs for consistency.",
        "Comments are optional free text; consider length limits and redaction guidance."
      ]
    },
    {
      "name": "BulkReassignRequest",
      "package": "com.bofa.aml.hra.dto.request",
      "description": "Request for bulk reassignment of multiple cases.",
      "fields": [
        {
          "name": "caseIds",
          "type": "array",
          "javaType": "List<String>",
          "nullable": false,
          "validation": "@NotEmpty(message = \"At least one caseId is required\")",
          "description": "List of case identifiers to reassign (required)"
        },
        {
          "name": "newAssignee",
          "type": "string",
          "javaType": "String",
          "nullable": true,
          "description": "New assignee user id (optional)"
        },
        {
          "name": "newLob",
          "type": "string",
          "javaType": "String",
          "nullable": true,
          "description": "New line-of-business code (optional)"
        }
      ],
      "sensitivity": [
        "caseIds"
      ],
      "notes": [
        "Either `newAssignee` or `newLob` may be supplied; validate business rules server-side.",
        "Consider batching limits and idempotency keys for large lists."
      ]
    }
  ],
  "crossReferences": {
    "primaryDomainModel": "backend/src/main/java/com/bofa/aml/hra/model/CaseEntity.java",
    "mappingRecommendations": [
      "Validate and canonicalize case identifiers before mapping to domain models.",
      "Sanitize free-text fields (comments, reason) and apply length limits.",
      "Prefer enums or strict string sets for `disposition` and `escalateTo` to simplify validation."
    ]
  },
  "dataGovernance": {
    "sensitivity": [
      "caseId",
      "caseIds"
    ],
    "recommendations": [
      "Keep validation annotations (@NotBlank/@NotEmpty) on DTOs to enforce contract.",
      "Document allowed values and maximum lengths for string fields.",
      "Avoid storing free-text comments in clear text in logs; redact when necessary.",
      "Add unit tests that exercise validation rules and mapping to domain models."
    ]
  }
}